algorithm,mean,std,min,max
CCFRunner-multi,2543884.865559297,7117368.383660841,6920.25132452876,24970870.987368304
RNRunner,2607580.8952105697,7296997.598864629,7012.568765541625,25350312.25326606
